[Header],,,
FileFormatVersion,2,,
MyRunName,P3471,,
InstrumentPlatform,NovaSeqXPlus,,
InstrumentType,NovaSeqXPlus,,
,,,
[Reads],,,
Read1Cycles,148,,
Index1Cycles,17,,
Index2Cycles,8,,
Read2Cycles,148,,
,,,
[Data],,,
Lane,Sample_ID,index,index2
5,P3471_P1_AYA_L1,GAAGGAAG,GACGTCAT
5,P3471_P1_AYA_L2,CGGTTGTT,GTGGTATG
5,P3471_P1_AYA_L3,TGAAGACG,ACATGCCA
5,P3471_P1_AYA_L4,GTTACGCA,ATGGCGAT
5,P3471_P1_AYA_L5,AGCGTGTT,CTTCGCAA
5,P3471_P1_AYA_L6,GATCGAGT,GACGAACT
5,P3471_P1_AYA_L7,ACAGCTCA,TACTGCTC
5,P3471_P1_AYA_L8,GATTACCG,TTGGACTG
5,P3471_P2_AYA_L9,GCACAACT,CTGAACGT
5,P3471_P2_AYA_L10,GCGTCATT,CAGACGTT
5,P3471_P2_AYA_L11,GAATCCGA,AGCTAGTG
5,P3471_P2_AYA_L12,ATCCGGTA,GACCGATA
5,P3471_P2_AYA_L13,CAACACCT,AGCTACCA
5,P3471_P2_AYA_L14,TGTGACTG,AGCCTATC
5,P3471_P2_AYA_L15,GTCATCGA,GATCCACT
5,P3471_P2_AYA_L16,AGCACTTC,ACGTCCAA

